<?xml version="1.0" encoding="UTF-8"?>
<manifest xmlns:xsi="http://www.w3.org/2001/XMLSchema-instance" xmlns:adlcp="http://www.adlnet.org/xsd/adlcp_rootv1p2" xmlns="http://www.imsproject.org/xsd/imscp_rootv1p1p2" identifier="DDD9651_blogue_reflexif" version="1.1" xsi:schemaLocation="http://www.imsproject.org/xsd/imscp_rootv1p1p2 imscp_rootv1p1p2.xsd                   http://www.imsglobal.org/xsd/imsmd_rootv1p2p1 imsmd_rootv1p2p1.xsd                   http://www.adlnet.org/xsd/adlcp_rootv1p2 adlcp_rootv1p2.xsd">
<organizations default="O_DDD9651_blogue_reflexif">
<organization identifier="O_DDD9651_blogue_reflexif">
<title><![CDATA[DDD9651_blogue_reflexif]]></title>
<item identifier="I_sco_Wk7a2PYaIkdBtMbjvTqHvc_n1" identifierref="R_sco_Wk7a2PYaIkdBtMbjvTqHvc_n1" isvisible="true">
<title><![CDATA[Blogue de type journal de bord réflexif]]></title>
</item>
</organization>
</organizations>
<resources>
<resource identifier="R_sco_Wk7a2PYaIkdBtMbjvTqHvc_n1" type="webcontent" adlcp:scormtype="sco" href="co/ctx_item-a.html">
<dependency identifierref="fullResList"/>
</resource>
<resource identifier="fullResList" type="webcontent" adlcp:scormtype="asset">
<file href="lib-md/w_html5shiv/html5shiv.js"/>
<file href="lib-md/s_annotSvc/annotSvc.js"/>
<file href="lib-md/s_lmsHack/lmsHack.js"/>
<file href="lib-md/w_tplMgr/tplMgr.js"/>
<file href="lib-md/w_tplMgr/iscroll.js"/>
<file href="lib-md/w_annotBtn/annotMgr.js"/>
<file href="lib-md/w_scImgMgr/scImgMgr.css"/>
<file href="lib-md/w_scImgMgr/scImgMgr.js"/>
<file href="lib-md/s_markedPages/markedPage.js"/>
<file href="lib-md/s_scorm.js"/>
<file href="lib-md/w_searchMgr/searchMgr.js"/>
<file href="lib-md/s_scPreload/scPreload.js"/>
<file href="lib-md/w_scCodeMgr/scCodeMgr.js"/>
<file href="lib-md/w_scCodeMgr/scCodeMgr.css"/>
<file href="lib-md/w_markedPageBtn/markedPageMgr.js"/>
<file href="lib-md/w_outMgr/outMgr.js"/>
<file href="lib-md/w_dynSizes/dynSizes.js"/>
<file href="lib-md/s_scSearch/scSearch.js"/>
<file href="skin/aideMemoire.txt"/>
<file href="skin/css/ie6_sub_windows.css"/>
<file href="skin/css/markedPage.css"/>
<file href="skin/css/ie6_home.css"/>
<file href="skin/css/sub_windows.css"/>
<file href="skin/css/search.css"/>
<file href="skin/css/struct_zoom.css"/>
<file href="skin/css/html.css"/>
<file href="skin/css/mnu_page.css"/>
<file href="skin/css/assmnt_train.css"/>
<file href="skin/css/assmnt.css"/>
<file href="skin/css/ie6_page.css"/>
<file href="skin/css/ie6_ref.css"/>
<file href="skin/css/struct_ref.css"/>
<file href="skin/css/transf.css"/>
<file href="skin/css/print_home.css"/>
<file href="skin/css/print.css"/>
<file href="skin/css/ie.css"/>
<file href="skin/css/annot.css"/>
<file href="skin/css/struct_eval.css"/>
<file href="skin/css/struct_page.css"/>
<file href="skin/css/mnu_child.css"/>
<file href="skin/css/buttons.css"/>
<file href="skin/css/assmnt_eval.css"/>
<file href="skin/css/struct_home.css"/>
<file href="skin/css/indexes.css"/>
<file href="skin/css/ie6_eval.css"/>
<file href="skin/css/mnu_tools.css"/>
<file href="skin/js/skin.js"/>
<file href="skin/img/markedPage/btn/seen.png"/>
<file href="skin/img/markedPage/btn/notSeen.png"/>
<file href="skin/img/markedPage/btn/notSeenOver.png"/>
<file href="skin/img/markedPage/btn/seenOver.png"/>
<file href="skin/img/markedPage/mnu/seen.png"/>
<file href="skin/img/markedPage/mnu/notSeen.png"/>
<file href="skin/img/btn/playSel.png"/>
<file href="skin/img/btn/nextOver.png"/>
<file href="skin/img/btn/tools.png"/>
<file href="skin/img/btn/home.png"/>
<file href="skin/img/btn/printOver.png"/>
<file href="skin/img/btn/printSubWin.png"/>
<file href="skin/img/btn/emptyLft.png"/>
<file href="skin/img/btn/noNext.png"/>
<file href="skin/img/btn/next.png"/>
<file href="skin/img/btn/scormQuit.png"/>
<file href="skin/img/btn/helpSel.png"/>
<file href="skin/img/btn/homeOver.png"/>
<file href="skin/img/btn/toolsSel.png"/>
<file href="skin/img/btn/enter.gif"/>
<file href="skin/img/btn/annotOver.png"/>
<file href="skin/img/btn/emptyTop.png"/>
<file href="skin/img/btn/quitBtnOvr.png"/>
<file href="skin/img/btn/play.png"/>
<file href="skin/img/btn/emptyBtm.png"/>
<file href="skin/img/btn/quitBtn.png"/>
<file href="skin/img/btn/noPrev.png"/>
<file href="skin/img/btn/prevOver.png"/>
<file href="skin/img/btn/effacer.gif"/>
<file href="skin/img/btn/homeSel.png"/>
<file href="skin/img/btn/help.png"/>
<file href="skin/img/btn/playOver.png"/>
<file href="skin/img/btn/toolsOver.png"/>
<file href="skin/img/btn/prev.png"/>
<file href="skin/img/btn/print.png"/>
<file href="skin/img/btn/printSubWinOver.png"/>
<file href="skin/img/btn/annot.png"/>
<file href="skin/img/btn/allerPage.gif"/>
<file href="skin/img/btn/annotSel.png"/>
<file href="skin/img/btn/helpOver.png"/>
<file href="skin/img/btn/scormQuitOvr.png"/>
<file href="skin/img/btn/emptyRgt.png"/>
<file href="skin/img/mnu/collapse.png"/>
<file href="skin/img/mnu/mnuOp.gif"/>
<file href="skin/img/mnu/srlDwn.png"/>
<file href="skin/img/mnu/fondBasDroite.png"/>
<file href="skin/img/mnu/openOver.png"/>
<file href="skin/img/mnu/srlUp.png"/>
<file href="skin/img/mnu/open.png"/>
<file href="skin/img/mnu/collapseOver.png"/>
<file href="skin/img/mnu/mnuCl.gif"/>
<file href="skin/img/mnu/cadreChildsBottom.png"/>
<file href="skin/img/mnu/cadreChildsTop.png"/>
<file href="skin/img/quiz/questionSolS.png"/>
<file href="skin/img/quiz/restart.png"/>
<file href="skin/img/quiz/sol.png"/>
<file href="skin/img/quiz/solOn.png"/>
<file href="skin/img/quiz/evalBarLeft.png"/>
<file href="skin/img/quiz/corrOn.gif"/>
<file href="skin/img/quiz/dragArrow.gif"/>
<file href="skin/img/quiz/fondEvalCounter.png"/>
<file href="skin/img/quiz/practClose.png"/>
<file href="skin/img/quiz/restartE.png"/>
<file href="skin/img/quiz/fondEvalPrint.png"/>
<file href="skin/img/quiz/evalBarRight.png"/>
<file href="skin/img/quiz/practHint.png"/>
<file href="skin/img/quiz/sol2On.png"/>
<file href="skin/img/quiz/evalPrintOver.gif"/>
<file href="skin/img/quiz/solOver.png"/>
<file href="skin/img/quiz/evalNextOver.png"/>
<file href="skin/img/quiz/evalPrevOver.png"/>
<file href="skin/img/quiz/solE.png"/>
<file href="skin/img/quiz/restartOver.png"/>
<file href="skin/img/quiz/radiochk.gif"/>
<file href="skin/img/quiz/evalNext.png"/>
<file href="skin/img/quiz/radiounchk.gif"/>
<file href="skin/img/quiz/evalPrev.png"/>
<file href="skin/img/quiz/reponse.png"/>
<file href="skin/img/quiz/boxunchk.gif"/>
<file href="skin/img/quiz/feed_bk.png"/>
<file href="skin/img/quiz/explications.png"/>
<file href="skin/img/quiz/corrOff.gif"/>
<file href="skin/img/quiz/boxchk.gif"/>
<file href="skin/img/quiz/correction.png"/>
<file href="skin/img/quiz/explain.png"/>
<file href="skin/img/quiz/evalBarBkg.png"/>
<file href="skin/img/quiz/scoreOver.png"/>
<file href="skin/img/quiz/evalPrint.gif"/>
<file href="skin/img/quiz/edit.gif"/>
<file href="skin/img/quiz/help.png"/>
<file href="skin/img/quiz/sol2Over.png"/>
<file href="skin/img/quiz/sol2.png"/>
<file href="skin/img/quiz/sol2OnOver.png"/>
<file href="skin/img/quiz/question.png"/>
<file href="skin/img/quiz/fondEvalPrevSuiv.png"/>
<file href="skin/img/quiz/scoreE.png"/>
<file href="skin/img/quiz/solOnOver.png"/>
<file href="skin/img/quiz/practQuest.png"/>
<file href="skin/img/quiz/drop.gif"/>
<file href="skin/img/quiz/practSol2.png"/>
<file href="skin/img/quiz/helpOver.png"/>
<file href="skin/img/quiz/practOpen.png"/>
<file href="skin/img/code/buttons.png"/>
<file href="skin/img/annot/annot.gif"/>
<file href="skin/img/annot/btn/scormAnnotSel.png"/>
<file href="skin/img/annot/btn/scormAnnotOver.png"/>
<file href="skin/img/annot/btn/annotOver.png"/>
<file href="skin/img/annot/btn/scormAnnot.png"/>
<file href="skin/img/annot/btn/annot.png"/>
<file href="skin/img/annot/btn/annotSel.png"/>
<file href="skin/img/deco/trainUcChild.png"/>
<file href="skin/img/deco/assmntUaIco.png"/>
<file href="skin/img/deco/assmntUaMnu.png"/>
<file href="skin/img/deco/coQuizMnu.png"/>
<file href="skin/img/deco/ueDivIco.png"/>
<file href="skin/img/deco/indexMnu.png"/>
<file href="skin/img/deco/concluIco.png"/>
<file href="skin/img/deco/introMnu.png"/>
<file href="skin/img/deco/objPedMnu.png"/>
<file href="skin/img/deco/expUcIco.png"/>
<file href="skin/img/deco/acrMnu.png"/>
<file href="skin/img/deco/trainUcIco.png"/>
<file href="skin/img/deco/practUcIco.png"/>
<file href="skin/img/deco/ueDivChild.png"/>
<file href="skin/img/deco/glosMnu.png"/>
<file href="skin/img/deco/concluChild.png"/>
<file href="skin/img/deco/expUcMnu.png"/>
<file href="skin/img/deco/creditsMnu.png"/>
<file href="skin/img/deco/ueMnu.png"/>
<file href="skin/img/deco/refMnu.png"/>
<file href="skin/img/deco/vidUcIco.png"/>
<file href="skin/img/deco/courseUaMnu.png"/>
<file href="skin/img/deco/assmntUaChild.png"/>
<file href="skin/img/deco/practUcChild.png"/>
<file href="skin/img/deco/introIco.png"/>
<file href="skin/img/deco/ueIco.png"/>
<file href="skin/img/deco/introChild.png"/>
<file href="skin/img/deco/practUcMnu.png"/>
<file href="skin/img/deco/courseUaIco.png"/>
<file href="skin/img/deco/questIco.png"/>
<file href="skin/img/deco/expUcChild.png"/>
<file href="skin/img/deco/synthMnu.png"/>
<file href="skin/img/deco/questChild.png"/>
<file href="skin/img/deco/bibMnu.png"/>
<file href="skin/img/deco/vidUcMnu.png"/>
<file href="skin/img/deco/coQuizChild.png"/>
<file href="skin/img/deco/trainUcMnu.png"/>
<file href="skin/img/deco/questMnu.png"/>
<file href="skin/img/deco/courseUaChild.png"/>
<file href="skin/img/deco/concluMnu.png"/>
<file href="skin/img/blocks/basic.png"/>
<file href="skin/img/blocks/complement.png"/>
<file href="skin/img/blocks/explicationSimu.gif"/>
<file href="skin/img/blocks/remark.png"/>
<file href="skin/img/blocks/plus.png"/>
<file href="skin/img/blocks/bkquoteCloseRed.png"/>
<file href="skin/img/blocks/topleft.jpg"/>
<file href="skin/img/blocks/part.png"/>
<file href="skin/img/blocks/remind.png"/>
<file href="skin/img/blocks/minus.png"/>
<file href="skin/img/blocks/bkquoteCloseBlue.png"/>
<file href="skin/img/blocks/bkquoteClose.png"/>
<file href="skin/img/blocks/bkquoteOpenBlue.png"/>
<file href="skin/img/blocks/simul.png"/>
<file href="skin/img/blocks/explicationSimuOpened.gif"/>
<file href="skin/img/blocks/info.png"/>
<file href="skin/img/blocks/def.png"/>
<file href="skin/img/blocks/legal.png"/>
<file href="skin/img/blocks/bkquoteOpen.png"/>
<file href="skin/img/blocks/warning.png"/>
<file href="skin/img/blocks/obj.png"/>
<file href="skin/img/blocks/bkquoteOpenRed.png"/>
<file href="skin/img/blocks/method.png"/>
<file href="skin/img/blocks/advice.png"/>
<file href="skin/img/blocks/simuBig.gif"/>
<file href="skin/img/blocks/shadow_bottom.gif"/>
<file href="skin/img/blocks/syntax.png"/>
<file href="skin/img/blocks/captionImg_small.png"/>
<file href="skin/img/blocks/example.png"/>
<file href="skin/img/blocks/bottomright.jpg"/>
<file href="skin/img/txt/puce2.gif"/>
<file href="skin/img/txt/zoom.gif"/>
<file href="skin/img/txt/zoom_in.gif"/>
<file href="skin/img/txt/ref.gif"/>
<file href="skin/img/txt/referent.gif"/>
<file href="skin/img/txt/puce3.gif"/>
<file href="skin/img/txt/cross2.png"/>
<file href="skin/img/txt/goLink.gif"/>
<file href="skin/img/txt/refLinkRed.gif"/>
<file href="skin/img/txt/goLinkRed.gif"/>
<file href="skin/img/txt/radiounchk.gif"/>
<file href="skin/img/txt/fondTT.png"/>
<file href="skin/img/txt/bib.gif"/>
<file href="skin/img/txt/glosRed.gif"/>
<file href="skin/img/txt/referents.gif"/>
<file href="skin/img/txt/bibRed.gif"/>
<file href="skin/img/txt/gloss.gif"/>
<file href="skin/img/txt/zoom.cur"/>
<file href="skin/img/txt/infoOver.gif"/>
<file href="skin/img/txt/refLink.gif"/>
<file href="skin/img/txt/abrRed.gif"/>
<file href="skin/img/txt/info.gif"/>
<file href="skin/img/txt/abr.gif"/>
<file href="skin/img/txt/refRed.gif"/>
<file href="skin/img/txt/puce3Red.gif"/>
<file href="skin/img/txt/note.gif"/>
<file href="skin/img/txt/expUc.gif"/>
<file href="skin/img/txt/puce1Red.gif"/>
<file href="skin/img/txt/noteRed.gif"/>
<file href="skin/img/txt/puce2Red.gif"/>
<file href="skin/img/txt/puce1.gif"/>
<file href="skin/img/txt/vidInd.png"/>
<file href="skin/img/lic/by-sa.png"/>
<file href="skin/img/lic/by-nc-sa.png"/>
<file href="skin/img/lic/publicdomain.png"/>
<file href="skin/img/lic/by-nd.png"/>
<file href="skin/img/lic/by.png"/>
<file href="skin/img/lic/gnu-fdl.png"/>
<file href="skin/img/lic/zero.png"/>
<file href="skin/img/lic/by-nc-nd.png"/>
<file href="skin/img/lic/by-nc.png"/>
<file href="skin/img/struct/topBkg.png"/>
<file href="skin/img/struct/fondHomeTop.gif"/>
<file href="skin/img/struct/bottomBkg.png"/>
<file href="skin/img/struct/scBtn.png"/>
<file href="skin/img/struct/leftBkg.png"/>
<file href="skin/img/struct/rightBkg.png"/>
<file href="skin/img/search/schBtn.png"/>
<file href="skin/img/search/schPgeRank.png"/>
<file href="skin/img/search/find.jpg"/>
<file href="skin/img/search/schBack.png"/>
<file href="skin/img/search/schMnuTgle.png"/>
<file href="skin/img/scImg/btnPrvOvr.gif"/>
<file href="skin/img/scImg/btnNoNxt.gif"/>
<file href="skin/img/scImg/btnPrv.gif"/>
<file href="skin/img/scImg/btnCls.gif"/>
<file href="skin/img/scImg/btnPse.gif"/>
<file href="skin/img/scImg/btnPly.gif"/>
<file href="skin/img/scImg/btnNxtOvr.gif"/>
<file href="skin/img/scImg/btnClsOvr.gif"/>
<file href="skin/img/scImg/btnNxt.gif"/>
<file href="skin/img/scImg/btnPlyOvr.gif"/>
<file href="skin/img/scImg/btnPseOvr.gif"/>
<file href="skin/img/scImg/throbber.gif"/>
<file href="skin/img/scImg/btnNoPrv.gif"/>
<file href="skin/player/flv.txt"/>
<file href="skin/player/mp3.txt"/>
<file href="skin/player/mp4.txt"/>
<file href="res/DDD9651_bouton_accepte.png"/>
<file href="res/DDD9651_bouton_loupe_rechercher.png"/>
<file href="res/DDD9651_adresse_courriel_actuelle.png"/>
<file href="res/DDD9651_bouton_selectionner_video_televerser.png"/>
<file href="res/DDD9651_page_blogue_1.png"/>
<file href="res/DDD9651_exemple_champ_recherche_youtube.png"/>
<file href="res/DDD9651_rejoignez_google_plus.png"/>
<file href="res/DDD9651_liste_deroulante_pays.png"/>
<file href="res/DDD9651_interface_ajouter_video_1.png"/>
<file href="res/DDD9651_page_bienvenue_blogger.png"/>
<file href="res/DDD9651_lien_hypertexte_tester_lien.png"/>
<file href="res/DDD9651_onglet_depuis_youtube_1.png"/>
<file href="res/DDD9651_menu_police_caractere_1.png"/>
<file href="res/DDD9651_creer_profil_google_plus.png"/>
<file href="res/DDD9651_nom_prenom.png"/>
<file href="res/DDD9651_barre_mise_forme_texte.png"/>
<file href="res/DDD9651_exemple_resultats_recherche_youtube.png"/>
<file href="res/DDD9651_bouton_radio_adresse_web_1.png"/>
<file href="res/DDD9651_interface_ajouter_video.png"/>
<file href="res/DDD9651_sexe.png"/>
<file href="res/DDD9651_interface_couleur_surlignage.png"/>
<file href="res/DDD9651_champ_titre_exemple.png"/>
<file href="res/DDD9651_interface_couleur_surlignage_1.png"/>
<file href="res/DDD9651_boite_dialogue_open.png"/>
<file href="res/DDD9651_exemple_adresse_email_actuelle.png"/>
<file href="res/DDD9651_bouton_definir_photo_profil.png"/>
<file href="res/DDD9651_bouton_radio_adresse_courriel.png"/>
<file href="res/DDD9651_page_message.png"/>
<file href="res/DDD9651_cadrage_image_profil.png"/>
<file href="res/DDD9651_mot_bienvenue.png"/>
<file href="res/DDD9651_boite_dialogue_creer_blogue.png"/>
<file href="res/DDD9651_interface_modifier_lien.png"/>
<file href="res/DDD9651_champ_ajouter_legende.png"/>
<file href="res/DDD9651_regles_confidentialite.png"/>
<file href="res/DDD9651_champ_adresse_exemple.png"/>
<file href="res/DDD9651_menu_allignement_texte_1.png"/>
<file href="res/DDD9651_bouton_open.png"/>
<file href="res/DDD9651_bouton_nouveau_message.png"/>
<file href="res/DDD9651_champ_url_pointe.png"/>
<file href="res/DDD9651_bouton_continuer_blogger.png"/>
<file href="res/DDD9651_bouton_selectionner_photo_ordinateur.png"/>
<file href="res/DDD9651_interface_couleur_caractere.png"/>
<file href="res/DDD9651_interface_modifier_lien_1.png"/>
<file href="res/DDD9651_cover_laptop_mobile.jpg"/>
<file href="res/DDD9651_champ_titre_message_1.png"/>
<file href="res/DDD9651_bouton_etapes_suivantes.png"/>
<file href="res/DDD9651_numero_telephone_mobile.png"/>
<file href="res/DDD9651_boite_dialogue_open_1.png"/>
<file href="res/DDD9651_liste_deroulante_modele.png"/>
<file href="res/DDD9651_menu_feuille_style_1.png"/>
<file href="res/DDD9651_bouton_nouveau_blogue.png"/>
<file href="res/DDD9651_blogue_bouton_creez_votre_blog.png"/>
<file href="res/DDD9651_barre_progression_importation_image_profil.png"/>
<file href="res/DDD9651_page_blogue.png"/>
<file href="res/DDD9651_champ_titre_message.png"/>
<file href="res/DDD9651_champ_texte_afficher.png"/>
<file href="res/DDD9651_coche_page_accueil_defaut.png"/>
<file href="res/DDD9651_palette_parametres_messages_1.png"/>
<file href="res/DDD9651_tableau_bord_blogger.png"/>
<file href="res/DDD9651_bouton_mettre_jour.png"/>
<file href="res/DDD9651_interface_couleur_caractere_1.png"/>
<file href="res/DDD9651_blogue_lien_creer_compte.png"/>
<file href="res/DDD9651_exemple_selection_resultat_recherche_youtube.png"/>
<file href="res/DDD9651_menu_taille_caractere_1.png"/>
<file href="res/DDD9651_boite_dialogue_photo_profil.png"/>
<file href="res/DDD9651_menu_allignement_texte.png"/>
<file href="res/DDD9651_menu_taille_caractere.png"/>
<file href="res/DDD9651_google_importation_image.png"/>
<file href="res/DDD9651_menu_police_caractere.png"/>
<file href="res/DDD9651_bouton_open_1.png"/>
<file href="res/DDD9651_lien_hypertexte_ajoutez_legende.png"/>
<file href="res/DDD9651_blogue_date_naissance.png"/>
<file href="res/DDD9651_bouton_selectionner.png"/>
<file href="res/DDD9651_bouton_ok.png"/>
<file href="res/DDD9651_page_message_1.png"/>
<file href="res/DDD9651_creer_confirmer_mot_passe.png"/>
<file href="res/DDD9651_palette_parametres_messages.png"/>
<file href="res/DDD9651_menu_feuille_style.png"/>
<file href="res/DDD9651_onglet_depuis_youtube.png"/>
<file href="res/DDD9651_lien_hypertexte_ajouter_photo.png"/>
<file href="res/DDD9651_champ_recherche_youtube.png"/>
<file href="res/DDD9651_bouton_radio_adresse_web.png"/>
<file href="res/DDD9651_bouton_creer_blogue.png"/>
<file href="res/DDD9651_page_inscrivez_vous.png"/>
<file href="lib-sc/scTooltipMgr.js"/>
<file href="lib-sc/scTiLib.js"/>
<file href="lib-sc/scPaLib.js"/>
<file href="lib-sc/assmntDhtmlTransf/select.gif"/>
<file href="lib-sc/assmntDhtmlTransf/empty.gif"/>
<file href="lib-sc/scAssmntMgr.js"/>
<file href="lib-sc/scDynUiMgr.js"/>
<file href="lib-sc/scSiLib.js"/>
<file href="lib-sc/scMapMgr.js"/>
<file href="lib-sc/scDragMgr.js"/>
<file href="lib-sc/scCoLib.js"/>
<file href="co/le_blogue.html"/>
<file href="co/le_blogue_reflexif.html"/>
<file href="co/Publications_web_2.html"/>
<file href="co/creer_un_article.html"/>
<file href="co/module_.html"/>
<file href="co/blogue_pedagogieactive_.html"/>
<file href="co/Publications_web.html"/>
<file href="co/blogue_enjeux_defis_evaluation_ligne.html"/>
<file href="co/Publications_web_3.html"/>
<file href="co/analyser_perception_enseignement_universitaire.html"/>
<file href="co/ctx_item-a.html"/>
<file href="co/Publications_web_1.html"/>
<file href="co/blogue_pertinence_blogue.html"/>
<file href="co/creer_compte_google.html"/>
<file href="co/activiteapprentissage.html"/>
<file href="co/module_.txt"/>
</resource>
</resources>
</manifest>
