<?xml version="1.0" encoding="UTF-8"?>
<manifest xmlns="http://www.imsproject.org/xsd/imscp_rootv1p1p2" xmlns:xsi="http://www.w3.org/2001/XMLSchema-instance" xmlns:adlcp="http://www.adlnet.org/xsd/adlcp_rootv1p2" identifier="DDD9651BLOGUEREFLEXIF" version="1.1" xsi:schemaLocation="http://www.imsproject.org/xsd/imscp_rootv1p1p2 imscp_rootv1p1p2.xsd                   http://www.imsglobal.org/xsd/imsmd_rootv1p2p1 imsmd_rootv1p2p1.xsd                   http://www.adlnet.org/xsd/adlcp_rootv1p2 adlcp_rootv1p2.xsd">
<organizations default="O_DDD9651BLOGUEREFLEXIF">
<organization identifier="O_DDD9651BLOGUEREFLEXIF">
<title><![CDATA[DDD9651BLOGUEREFLEXIF]]></title>
<item identifier="I_sco_Wk7a2PYaIkdBtMbjvTqHvc_n1" identifierref="R_sco_Wk7a2PYaIkdBtMbjvTqHvc_n1" isvisible="true">
<title><![CDATA[Blogue de type journal de bord réflexif]]></title>
</item>
</organization>
</organizations>
<resources>
<resource identifier="R_sco_Wk7a2PYaIkdBtMbjvTqHvc_n1" type="webcontent" adlcp:scormtype="sco" href="co/ctx_item-a.html">
<dependency identifierref="fullResList"/>
</resource>
<resource identifier="fullResList" type="webcontent" adlcp:scormtype="asset">
<file href="co/activiteapprentissage.html"/>
<file href="co/activiteapprentissage_1.html"/>
<file href="co/analyser_perception_enseignement_universitaire.html"/>
<file href="co/blogue_enjeux_defis_evaluation_ligne.html"/>
<file href="co/blogue_pedagogieactive_.html"/>
<file href="co/blogue_pertinence_blogue.html"/>
<file href="co/creer_compte_google.html"/>
<file href="co/ctx_item-a.html"/>
<file href="co/le_blogue.html"/>
<file href="co/le_blogue_reflexif.html"/>
<file href="co/module_.html"/>
<file href="co/module_.txt"/>
<file href="co/module__1.html"/>
<file href="co/Publications_web.html"/>
<file href="co/Publications_web_1.html"/>
<file href="co/Publications_web_2.html"/>
<file href="lib-md/s_lmsHack/lmsHack.js"/>
<file href="lib-md/s_markedPages/markedPage.js"/>
<file href="lib-md/s_scorm.js"/>
<file href="lib-md/s_scSearch/scSearch.js"/>
<file href="lib-md/w_mathjax/mathjaxMgr.js"/>
<file href="lib-md/w_outMgr/outMgr.js"/>
<file href="lib-md/w_scCodeMgr/scCodeMgr.css"/>
<file href="lib-md/w_scCodeMgr/scCodeMgr.js"/>
<file href="lib-md/w_scImgMgr/scImgMgr.css"/>
<file href="lib-md/w_scImgMgr/scImgMgr.js"/>
<file href="lib-md/w_scMediaMgr/scMediaMgr.js"/>
<file href="lib-md/w_scormMgr/scormMgr.js"/>
<file href="lib-md/w_searchMgr/searchMgr.js"/>
<file href="lib-md/w_tplMgr/tplMgr.js"/>
<file href="lib-sc/assmntDhtmlTransf/empty.gif"/>
<file href="lib-sc/assmntDhtmlTransf/select.gif"/>
<file href="lib-sc/scAssmntMgr.js"/>
<file href="lib-sc/scCoLib.js"/>
<file href="lib-sc/scDragMgr.js"/>
<file href="lib-sc/scDynUiMgr.js"/>
<file href="lib-sc/scMapMgr.js"/>
<file href="lib-sc/scPaLib.js"/>
<file href="lib-sc/scSiLib.js"/>
<file href="lib-sc/scTiLib.js"/>
<file href="lib-sc/scTooltipMgr.js"/>
<file href="res/DD9651_barre_progression_importation_image_profil.png"/>
<file href="res/DD9651_boite_dialogue_creer_blogue.png"/>
<file href="res/DD9651_boite_dialogue_photo_profil.png"/>
<file href="res/DD9651_bouton_accepte.png"/>
<file href="res/DD9651_bouton_continuer_blogger.png"/>
<file href="res/DD9651_bouton_creer_blogue.png"/>
<file href="res/DD9651_bouton_definir_photo_profil.png"/>
<file href="res/DD9651_bouton_mettre_jour.png"/>
<file href="res/DD9651_bouton_nouveau_blogue.png"/>
<file href="res/DD9651_bouton_open.png"/>
<file href="res/DD9651_bouton_selectionner_photo_ordinateur.png"/>
<file href="res/DD9651_cadrage_image_profil.png"/>
<file href="res/DD9651_champ_adresse_exemple.png"/>
<file href="res/DD9651_champ_ajouter_legende.png"/>
<file href="res/DD9651_champ_titre_exemple.png"/>
<file href="res/DD9651_cover_laptop_mobile.jpg"/>
<file href="res/DD9651_creer_profil_google_plus.png"/>
<file href="res/DD9651_google_importation_image.png"/>
<file href="res/DD9651_lien_hypertexte_ajoutez_legende.png"/>
<file href="res/DD9651_liste_deroulante_modele.png"/>
<file href="res/DD9651_mot_bienvenue.png"/>
<file href="res/DD9651_page_bienvenue_blogger.png"/>
<file href="res/DD9651_page_inscrivez_vous.png"/>
<file href="res/DD9651_rejoignez_google_plus.png"/>
<file href="res/DD9651_tableau_bord_blogger.png"/>
<file href="res/DDD9651_adresse_courriel_actuelle.png"/>
<file href="res/DDD9651_blogue_bouton_creez_votre_blog.png"/>
<file href="res/DDD9651_blogue_lien_creer_compte.png"/>
<file href="res/DDD9651_bouton_etapes_suivantes.png"/>
<file href="res/DDD9651_coche_page_accueil_defaut.png"/>
<file href="res/DDD9651_creer_confirmer_mot_passe.png"/>
<file href="res/DDD9651_exemple_adresse_email_actuelle.png"/>
<file href="res/DDD9651_liste_deroulante_pays.png"/>
<file href="res/DDD9651_nom_prenom.png"/>
<file href="res/DDD9651_numero_telephone_mobile.png"/>
<file href="res/DDD9651_page_blogue.png"/>
<file href="res/DDD9651_regles_confidentialite.png"/>
<file href="res/DDD9651_sexe.png"/>
<file href="res/DDD9652_blogue_date_naissance.png"/>
<file href="res/DDD9652_lien_hypertexte_ajouter_photo.png"/>
<file href="skin/css/main.css"/>
<file href="skin/css/print.css"/>
<file href="skin/css/skin.css"/>
<file href="skin/font/fontello.eot"/>
<file href="skin/font/fontello.svg"/>
<file href="skin/font/fontello.ttf"/>
<file href="skin/font/fontello.woff"/>
<file href="skin/font/fontsmedia.eot"/>
<file href="skin/font/fontsmedia.svg"/>
<file href="skin/font/fontsmedia.ttf"/>
<file href="skin/font/fontsmedia.woff"/>
<file href="skin/font/fontsmedia.woff2"/>
<file href="skin/img/code/buttons.png"/>
<file href="skin/img/content/blocks.svg"/>
<file href="skin/img/content/buttons.svg"/>
<file href="skin/img/content/ico.svg"/>
<file href="skin/img/lic/by-nc-nd.png"/>
<file href="skin/img/lic/by-nc-sa.png"/>
<file href="skin/img/lic/by-nc.png"/>
<file href="skin/img/lic/by-nd.png"/>
<file href="skin/img/lic/by-sa.png"/>
<file href="skin/img/lic/by.png"/>
<file href="skin/img/lic/gnu-fdl.png"/>
<file href="skin/img/lic/publicdomain.png"/>
<file href="skin/img/lic/zero.png"/>
<file href="skin/img/quiz/dragArrow.gif"/>
<file href="skin/img/quiz/drop.gif"/>
<file href="skin/img/quiz/eval.svg"/>
<file href="skin/img/quiz/explain.png"/>
<file href="skin/img/quiz/practClose.png"/>
<file href="skin/img/quiz/practOpen.png"/>
<file href="skin/img/quiz/quest.png"/>
<file href="skin/img/quiz/score.png"/>
<file href="skin/img/quiz/sol.png"/>
<file href="skin/img/search/find.svg"/>
<file href="skin/img/search/schBtn.svg"/>
<file href="skin/img/search/schMnuTgle.svg"/>
<file href="skin/img/search/schPgeRank.svg"/>
<file href="skin/img/tpl/back-bottom-straight.svg"/>
<file href="skin/img/tpl/back-bottom.svg"/>
<file href="skin/img/tpl/back-home.svg"/>
<file href="skin/img/tpl/back-menu.svg"/>
<file href="skin/img/tpl/back-top-straight.svg"/>
<file href="skin/img/tpl/back-top.svg"/>
<file href="skin/img/tpl/button-exit.svg"/>
<file href="skin/img/tpl/button-resume.svg"/>
<file href="skin/img/tpl/button-start.svg"/>
<file href="skin/img/tpl/buttons.svg"/>
<file href="skin/img/tpl/gallery.svg"/>
<file href="skin/img/tpl/menu-bullet-default.svg"/>
<file href="skin/img/tpl/menu-bullet-quiz.svg"/>
<file href="skin/img/tpl/menu-scroller.svg"/>
<file href="skin/img/tpl/menu-toggle.svg"/>
<file href="skin/img/tpl/menu-tools.svg"/>
<file href="skin/img/tpl/mnuEmeraude.svg"/>
<file href="skin/img/tpl/mnuMobile.svg"/>
<file href="skin/img/tpl/scBtn.png"/>
<file href="skin/img/tpl/toolbar-quiz.svg"/>
<file href="skin/js/skin.js"/>
<file href="skin/player/flv.txt"/>
<file href="skin/player/mp3.txt"/>
<file href="skin/player/mp4.txt"/>
</resource>
</resources>
</manifest>
